# path	reference
Quick Set	01-client-and-quick-set.md
Interfaces → Interface List	02-interfaces.md
Interfaces → Ethernet	02-interfaces.md
Interfaces → VLAN	02-interfaces.md
Interfaces → Bonding	02-interfaces.md
Interfaces → VRRP	02-interfaces.md
Interfaces → WireGuard	02-interfaces.md
Interfaces → Tunnel interfaces	02-interfaces.md
Bridge → Bridge	03-bridge-switch-mesh.md
Bridge → Ports	03-bridge-switch-mesh.md
Bridge → VLANs	03-bridge-switch-mesh.md
Bridge → Hosts	03-bridge-switch-mesh.md
Bridge → MSTI	03-bridge-switch-mesh.md
Bridge → Filters	03-bridge-switch-mesh.md
Bridge → NAT	03-bridge-switch-mesh.md
Bridge → MDB	03-bridge-switch-mesh.md
Switch	03-bridge-switch-mesh.md
Mesh	03-bridge-switch-mesh.md
PPP → Interface	04-ppp.md
PPP → Profiles	04-ppp.md
PPP → Secrets	04-ppp.md
PPP → Active Connections	04-ppp.md
PPP → L2TP Server	04-ppp.md
PPP → PPTP Server	04-ppp.md
PPP → SSTP Server	04-ppp.md
PPP → OVPN Server	04-ppp.md
PPP → AAA	04-ppp.md
PPP → PPPoE Servers	04-ppp.md
PPP → PPPoE Scan	04-ppp.md
IP → Addresses	05-ip-core.md
IP → ARP	05-ip-core.md
IP → Neighbors	05-ip-core.md
IP → Pools	05-ip-core.md
IP → DHCP Client	05-ip-core.md
IP → DHCP Server → DHCP	05-ip-core.md
IP → DHCP Server → Networks	05-ip-core.md
IP → DHCP Server → Leases	05-ip-core.md
IP → DHCP Server → Options	05-ip-core.md
IP → DHCP Server → Option Sets	05-ip-core.md
IP → DHCP Server → Alerts	05-ip-core.md
IP → DHCP Server → Vendor Classes	05-ip-core.md
IP → DHCP Relay	05-ip-core.md
IP → DNS	05-ip-core.md
IP → DNS → Cache	05-ip-core.md
IP → DNS → Static	05-ip-core.md
IP → DNS → Adlist	05-ip-core.md
IP → Routes	05-ip-core.md
IP → VRF	05-ip-core.md
IP → Firewall → Filter Rules	06-ip-policy-services.md
IP → Firewall → NAT	06-ip-policy-services.md
IP → Firewall → Mangle	06-ip-policy-services.md
IP → Firewall → Raw	06-ip-policy-services.md
IP → Firewall → Address Lists	06-ip-policy-services.md
IP → Firewall → Connections	06-ip-policy-services.md
IP → Firewall → Service Ports	06-ip-policy-services.md
IP → Firewall → Layer7 Protocols	06-ip-policy-services.md
IP → IPsec → Profiles	06-ip-policy-services.md
IP → IPsec → Proposals	06-ip-policy-services.md
IP → IPsec → Peers	06-ip-policy-services.md
IP → IPsec → Identities	06-ip-policy-services.md
IP → IPsec → Policies	06-ip-policy-services.md
IP → IPsec → Policy Groups	06-ip-policy-services.md
IP → IPsec → Mode Config	06-ip-policy-services.md
IP → IPsec → Installed SAs	06-ip-policy-services.md
IP → IPsec → Active Peers	06-ip-policy-services.md
IP → Services	06-ip-policy-services.md
IP → Hotspot → Servers	06-ip-policy-services.md
IP → Hotspot → Server Profiles	06-ip-policy-services.md
IP → Hotspot → Users	06-ip-policy-services.md
IP → Hotspot → User Profiles	06-ip-policy-services.md
IP → Hotspot → Active	06-ip-policy-services.md
IP → Hotspot → Hosts	06-ip-policy-services.md
IP → Hotspot → IP Bindings	06-ip-policy-services.md
IP → Hotspot → Walled Garden	06-ip-policy-services.md
IP → Hotspot → Cookies	06-ip-policy-services.md
IP → Cloud	06-ip-policy-services.md
IP → Traffic Flow	06-ip-policy-services.md
IP → SNMP	06-ip-policy-services.md
IP → UPnP	06-ip-policy-services.md
IP → Web Proxy	06-ip-policy-services.md
IP → SOCKS	06-ip-policy-services.md
IP → SMB	06-ip-policy-services.md
IP → TFTP	06-ip-policy-services.md
IP → Kid Control	06-ip-policy-services.md
IP → Accounting	06-ip-policy-services.md
IP → IP Packing	06-ip-policy-services.md
IPv6 → Addresses	07-ipv6.md
IPv6 → Neighbors	07-ipv6.md
IPv6 → Routes	07-ipv6.md
IPv6 → ND	07-ipv6.md
IPv6 → DHCP Client	07-ipv6.md
IPv6 → DHCP Server	07-ipv6.md
IPv6 → DHCP Relay	07-ipv6.md
IPv6 → Pool	07-ipv6.md
IPv6 → Firewall	07-ipv6.md
IPv6 → Settings	07-ipv6.md
Routing → Tables	08-routing-mpls.md
Routing → Rules	08-routing-mpls.md
Routing → Routes	08-routing-mpls.md
Routing → Nexthops	08-routing-mpls.md
Routing → Filters	08-routing-mpls.md
Routing → OSPF	08-routing-mpls.md
Routing → BGP	08-routing-mpls.md
Routing → BFD	08-routing-mpls.md
Routing → RIP	08-routing-mpls.md
Routing → IS-IS	08-routing-mpls.md
Routing → RPKI	08-routing-mpls.md
Routing → PIM	08-routing-mpls.md
MPLS → Interfaces	08-routing-mpls.md
MPLS → Forwarding Table	08-routing-mpls.md
MPLS → LDP	08-routing-mpls.md
MPLS → Traffic Engineering	08-routing-mpls.md
Interfaces → VPLS	08-routing-mpls.md
Routing → BGP → VPN	08-routing-mpls.md
System → Resources	09-system.md
System → Packages	09-system.md
System → RouterBOARD	09-system.md
System → Identity	09-system.md
System → Clock	09-system.md
System → NTP Client	09-system.md
System → NTP Server	09-system.md
System → Users	09-system.md
System → User Groups	09-system.md
System → Certificates	09-system.md
System → Logging	09-system.md
System → Scripts	09-system.md
System → Scheduler	09-system.md
System → History	09-system.md
System → Backup	09-system.md
System → Reset Configuration	09-system.md
System → Auto Upgrade	09-system.md
System → Device Mode	09-system.md
System → Health	09-system.md
System → LEDs	09-system.md
System → LCD	09-system.md
System → Ports	09-system.md
System → Console	09-system.md
System → Router Settings	09-system.md
System → GPS	09-system.md
System → PTP	09-system.md
System → UPS	09-system.md
System → Watchdog	09-system.md
System → Note	09-system.md
System → License	09-system.md
System → Partitions	09-system.md
System → Disks	09-system.md
System → Reboot	09-system.md
System → Shutdown	09-system.md
Queues → Simple Queues	10-queues.md
Queues → Queue Tree	10-queues.md
Queues → Queue Types	10-queues.md
Queues → Interface Queues	10-queues.md
Files	11-files-log-radius.md
Log	11-files-log-radius.md
RADIUS	11-files-log-radius.md
RADIUS → Incoming	11-files-log-radius.md
Tools → Ping	12-tools.md
Tools → Traceroute	12-tools.md
Tools → IP Scan	12-tools.md
Tools → MAC Scan	12-tools.md
Tools → Neighbor Discovery	12-tools.md
Tools → Torch	12-tools.md
Tools → Packet Sniffer	12-tools.md
Tools → Bandwidth Test	12-tools.md
Tools → Bandwidth Server	12-tools.md
Tools → Profile	12-tools.md
Tools → Netwatch	12-tools.md
Tools → Traffic Monitor	12-tools.md
Tools → Graphing	12-tools.md
Tools → Fetch	12-tools.md
Tools → E-mail	12-tools.md
Tools → SMS	12-tools.md
Tools → Telnet	12-tools.md
Tools → SSH	12-tools.md
Tools → MAC Telnet	12-tools.md
Tools → MAC Server	12-tools.md
Tools → RoMON	12-tools.md
Tools → Wake on LAN	12-tools.md
Tools → Flood Ping	12-tools.md
Tools → Traffic Generator	12-tools.md
Tools → Speed Test	12-tools.md
Tools → Ping Speed	12-tools.md
Tools → Cable Test	12-tools.md
Tools → Spectral Scan	12-tools.md
New Terminal	13-terminal-support.md
Make Supout.rif	13-terminal-support.md
Manual	13-terminal-support.md
Exit	13-terminal-support.md
WiFi	14-conditional-menus.md
Wireless (legacy)	14-conditional-menus.md
CAPsMAN	14-conditional-menus.md
LTE / 5G	14-conditional-menus.md
LoRa	14-conditional-menus.md
Bluetooth	14-conditional-menus.md
GPIO	14-conditional-menus.md
Container	14-conditional-menus.md
The Dude	14-conditional-menus.md
User Manager	14-conditional-menus.md
